{
  "LC50": 52.79977401512125,
  "LC50_response": 51.11264856485758
}